"Run","Run ID","metric","step","timestamp","value"
"random_duration_destroy+short_task_clusters_destroy+lowest_objective_contribution_destroy__regret_repair","2788f94744b6454789f1ad8c2a69fb38","best_objective","1","1778753719436","'-2545.961178896443"
"random_duration_destroy+short_task_clusters_destroy+lowest_objective_contribution_destroy__regret_repair","2788f94744b6454789f1ad8c2a69fb38","best_objective","2","1778753719524","'-4182.072901297888"
"random_duration_destroy+short_task_clusters_destroy+lowest_objective_contribution_destroy__regret_repair","2788f94744b6454789f1ad8c2a69fb38","best_objective","4","1778753719673","'-4284.290130565218"
"random_duration_destroy+short_task_clusters_destroy+lowest_objective_contribution_destroy__regret_repair","2788f94744b6454789f1ad8c2a69fb38","best_objective","5","1778753719772","'-5950.139252485376"
"random_duration_destroy+short_task_clusters_destroy+lowest_objective_contribution_destroy__regret_repair","2788f94744b6454789f1ad8c2a69fb38","best_objective","6","1778753719848","'-6097.109618154707"
"random_duration_destroy+short_task_clusters_destroy+lowest_objective_contribution_destroy__regret_repair","2788f94744b6454789f1ad8c2a69fb38","best_objective","8","1778753719987","'-7787.510502435223"
"random_duration_destroy+short_task_clusters_destroy+lowest_objective_contribution_destroy__regret_repair","2788f94744b6454789f1ad8c2a69fb38","best_objective","9","1778753720194","'-8463.812141447155"
"random_duration_destroy+short_task_clusters_destroy+lowest_objective_contribution_destroy__regret_repair","2788f94744b6454789f1ad8c2a69fb38","best_objective","10","1778753720353","'-10159.71759370113"
"random_duration_destroy+short_task_clusters_destroy+lowest_objective_contribution_destroy__regret_repair","2788f94744b6454789f1ad8c2a69fb38","best_objective","11","1778753720427","'-10161.097136711925"
"random_duration_destroy+short_task_clusters_destroy+lowest_objective_contribution_destroy__regret_repair","2788f94744b6454789f1ad8c2a69fb38","best_objective","12","1778753720522","'-10241.074198474593"
"random_duration_destroy+short_task_clusters_destroy+lowest_objective_contribution_destroy__regret_repair","2788f94744b6454789f1ad8c2a69fb38","best_objective","13","1778753720616","'-10249.97057584028"
"random_duration_destroy+short_task_clusters_destroy+lowest_objective_contribution_destroy__regret_repair","2788f94744b6454789f1ad8c2a69fb38","best_objective","32","1778753722244","'-10407.723500110857"
"random_duration_destroy+short_task_clusters_destroy+lowest_objective_contribution_destroy__regret_repair","2788f94744b6454789f1ad8c2a69fb38","best_objective","33","1778753722321","'-10411.75842445751"
"random_duration_destroy+short_task_clusters_destroy+lowest_objective_contribution_destroy__regret_repair","2788f94744b6454789f1ad8c2a69fb38","best_objective","34","1778753722401","'-10454.919026657868"
"random_duration_destroy+short_task_clusters_destroy+lowest_objective_contribution_destroy__regret_repair","2788f94744b6454789f1ad8c2a69fb38","best_objective","35","1778753722612","'-10480.81237776235"
"random_duration_destroy+short_task_clusters_destroy__regret_repair","e3fc2e00b40a4a7d862a6dbeb9937148","best_objective","1","1778753715387","11945.468466165701"
"random_duration_destroy+short_task_clusters_destroy__regret_repair","e3fc2e00b40a4a7d862a6dbeb9937148","best_objective","2","1778753715463","5708.3475122855225"
"random_duration_destroy+short_task_clusters_destroy__regret_repair","e3fc2e00b40a4a7d862a6dbeb9937148","best_objective","3","1778753715526","5625.074622800303"
"random_duration_destroy+short_task_clusters_destroy__regret_repair","e3fc2e00b40a4a7d862a6dbeb9937148","best_objective","5","1778753715676","'-756.2143656697222"
"random_duration_destroy+short_task_clusters_destroy__regret_repair","e3fc2e00b40a4a7d862a6dbeb9937148","best_objective","6","1778753715744","'-802.4261889501099"
"random_duration_destroy+short_task_clusters_destroy__regret_repair","e3fc2e00b40a4a7d862a6dbeb9937148","best_objective","8","1778753715898","'-4613.389429422332"
"random_duration_destroy+short_task_clusters_destroy__regret_repair","e3fc2e00b40a4a7d862a6dbeb9937148","best_objective","9","1778753715974","'-5616.354295766689"
"random_duration_destroy+short_task_clusters_destroy__regret_repair","e3fc2e00b40a4a7d862a6dbeb9937148","best_objective","10","1778753716056","'-6346.389021354507"
"random_duration_destroy+short_task_clusters_destroy__regret_repair","e3fc2e00b40a4a7d862a6dbeb9937148","best_objective","13","1778753716251","'-7415.768819891959"
"random_duration_destroy+short_task_clusters_destroy__regret_repair","e3fc2e00b40a4a7d862a6dbeb9937148","best_objective","15","1778753716391","'-7654.905217350355"
"random_duration_destroy+short_task_clusters_destroy__regret_repair","e3fc2e00b40a4a7d862a6dbeb9937148","best_objective","16","1778753716459","'-7663.4685967760615"
"random_duration_destroy+short_task_clusters_destroy__regret_repair","e3fc2e00b40a4a7d862a6dbeb9937148","best_objective","18","1778753716604","'-8228.766225744437"
"random_duration_destroy+short_task_clusters_destroy__regret_repair","e3fc2e00b40a4a7d862a6dbeb9937148","best_objective","19","1778753716685","'-9731.289390346969"
"random_duration_destroy+short_task_clusters_destroy__regret_repair","e3fc2e00b40a4a7d862a6dbeb9937148","best_objective","20","1778753716750","'-9753.897975867927"
"random_duration_destroy+short_task_clusters_destroy__regret_repair","e3fc2e00b40a4a7d862a6dbeb9937148","best_objective","21","1778753716851","'-9892.430252342141"
"random_duration_destroy+short_task_clusters_destroy__regret_repair","e3fc2e00b40a4a7d862a6dbeb9937148","best_objective","22","1778753716935","'-9937.768679594268"
"random_duration_destroy+short_task_clusters_destroy__regret_repair","e3fc2e00b40a4a7d862a6dbeb9937148","best_objective","23","1778753717031","'-10747.67706862132"
"random_duration_destroy+short_task_clusters_destroy__regret_repair","e3fc2e00b40a4a7d862a6dbeb9937148","best_objective","24","1778753717115","'-10861.899648467112"
"random_duration_destroy+short_task_clusters_destroy__regret_repair","e3fc2e00b40a4a7d862a6dbeb9937148","best_objective","25","1778753717204","'-10884.46383406637"
"random_duration_destroy+short_task_clusters_destroy__regret_repair","e3fc2e00b40a4a7d862a6dbeb9937148","best_objective","26","1778753717294","'-10956.813477614547"
"random_duration_destroy+short_task_clusters_destroy__regret_repair","e3fc2e00b40a4a7d862a6dbeb9937148","best_objective","27","1778753717372","'-10964.409692364485"
"random_duration_destroy+short_task_clusters_destroy__regret_repair","e3fc2e00b40a4a7d862a6dbeb9937148","best_objective","28","1778753717465","'-10985.642571243567"
"random_duration_destroy+short_task_clusters_destroy__regret_repair","e3fc2e00b40a4a7d862a6dbeb9937148","best_objective","29","1778753717550","'-11066.519755749314"
"random_duration_destroy+short_task_clusters_destroy__regret_repair","e3fc2e00b40a4a7d862a6dbeb9937148","best_objective","31","1778753717709","'-11085.977398609466"
"random_duration_destroy+short_task_clusters_destroy__regret_repair","e3fc2e00b40a4a7d862a6dbeb9937148","best_objective","41","1778753718472","'-11296.414781900397"
"random_duration_destroy+short_task_clusters_destroy__regret_repair","e3fc2e00b40a4a7d862a6dbeb9937148","best_objective","42","1778753718552","'-11329.375050173318"
"random_duration_destroy+lowest_objective_contribution_destroy__regret_repair","5c55d0e82c354dd1979cc8e79f926a1a","best_objective","1","1778753711140","'-2545.961178896443"
"random_duration_destroy+lowest_objective_contribution_destroy__regret_repair","5c55d0e82c354dd1979cc8e79f926a1a","best_objective","2","1778753711226","'-4182.072901297888"
"random_duration_destroy+lowest_objective_contribution_destroy__regret_repair","5c55d0e82c354dd1979cc8e79f926a1a","best_objective","5","1778753711482","'-5279.415860915995"
"random_duration_destroy+lowest_objective_contribution_destroy__regret_repair","5c55d0e82c354dd1979cc8e79f926a1a","best_objective","6","1778753711585","'-6363.810492681934"
"random_duration_destroy+lowest_objective_contribution_destroy__regret_repair","5c55d0e82c354dd1979cc8e79f926a1a","best_objective","7","1778753711655","'-7224.4086528804255"
"random_duration_destroy+lowest_objective_contribution_destroy__regret_repair","5c55d0e82c354dd1979cc8e79f926a1a","best_objective","8","1778753711744","'-8260.89420293938"
"random_duration_destroy+lowest_objective_contribution_destroy__regret_repair","5c55d0e82c354dd1979cc8e79f926a1a","best_objective","11","1778753712062","'-9232.808235293316"
"random_duration_destroy+lowest_objective_contribution_destroy__regret_repair","5c55d0e82c354dd1979cc8e79f926a1a","best_objective","12","1778753712147","'-9980.389972451952"
"random_duration_destroy+lowest_objective_contribution_destroy__regret_repair","5c55d0e82c354dd1979cc8e79f926a1a","best_objective","13","1778753712300","'-10120.379216662122"
"random_duration_destroy+lowest_objective_contribution_destroy__regret_repair","5c55d0e82c354dd1979cc8e79f926a1a","best_objective","15","1778753712576","'-10188.633550591521"
"random_duration_destroy+lowest_objective_contribution_destroy__regret_repair","5c55d0e82c354dd1979cc8e79f926a1a","best_objective","16","1778753712734","'-10190.502114598234"
"random_duration_destroy+lowest_objective_contribution_destroy__regret_repair","5c55d0e82c354dd1979cc8e79f926a1a","best_objective","17","1778753712837","'-11494.200738276806"
"random_duration_destroy+lowest_objective_contribution_destroy__regret_repair","5c55d0e82c354dd1979cc8e79f926a1a","best_objective","18","1778753712927","'-11516.658762738974"
"random_duration_destroy+lowest_objective_contribution_destroy__regret_repair","5c55d0e82c354dd1979cc8e79f926a1a","best_objective","19","1778753713023","'-11680.803737525186"
"random_duration_destroy+lowest_objective_contribution_destroy__regret_repair","5c55d0e82c354dd1979cc8e79f926a1a","best_objective","39","1778753715020","'-11695.138254668505"
"random_duration_destroy__regret_repair","2ce383960b99437da26fecc3d98fbc44","best_objective","1","1778753706686","10163.761346835274"
"random_duration_destroy__regret_repair","2ce383960b99437da26fecc3d98fbc44","best_objective","2","1778753706782","824.4025498472813"
"random_duration_destroy__regret_repair","2ce383960b99437da26fecc3d98fbc44","best_objective","3","1778753706867","'-210.94941683779484"
"random_duration_destroy__regret_repair","2ce383960b99437da26fecc3d98fbc44","best_objective","4","1778753706949","'-1085.9545100676646"
"random_duration_destroy__regret_repair","2ce383960b99437da26fecc3d98fbc44","best_objective","5","1778753707028","'-1108.5267286849266"
"random_duration_destroy__regret_repair","2ce383960b99437da26fecc3d98fbc44","best_objective","6","1778753707106","'-4659.563015767358"
"random_duration_destroy__regret_repair","2ce383960b99437da26fecc3d98fbc44","best_objective","7","1778753707190","'-5255.659482446285"
"random_duration_destroy__regret_repair","2ce383960b99437da26fecc3d98fbc44","best_objective","8","1778753707273","'-5260.529372248049"
"random_duration_destroy__regret_repair","2ce383960b99437da26fecc3d98fbc44","best_objective","9","1778753707365","'-5485.324050453092"
"random_duration_destroy__regret_repair","2ce383960b99437da26fecc3d98fbc44","best_objective","10","1778753707438","'-6303.404215655342"
"random_duration_destroy__regret_repair","2ce383960b99437da26fecc3d98fbc44","best_objective","11","1778753707529","'-7830.288537434202"
"random_duration_destroy__regret_repair","2ce383960b99437da26fecc3d98fbc44","best_objective","12","1778753707626","'-9340.132692131327"
"random_duration_destroy__regret_repair","2ce383960b99437da26fecc3d98fbc44","best_objective","13","1778753707735","'-9413.576128079361"
"random_duration_destroy__regret_repair","2ce383960b99437da26fecc3d98fbc44","best_objective","17","1778753708050","'-9549.740228013354"
"random_duration_destroy__regret_repair","2ce383960b99437da26fecc3d98fbc44","best_objective","18","1778753708140","'-9757.399681218576"
"random_duration_destroy__regret_repair","2ce383960b99437da26fecc3d98fbc44","best_objective","19","1778753708223","'-9800.69957349328"
"random_duration_destroy__regret_repair","2ce383960b99437da26fecc3d98fbc44","best_objective","20","1778753708310","'-9922.781365803998"
"random_duration_destroy__regret_repair","2ce383960b99437da26fecc3d98fbc44","best_objective","21","1778753708399","'-10395.759605243291"
"random_duration_destroy__regret_repair","2ce383960b99437da26fecc3d98fbc44","best_objective","23","1778753708606","'-11145.043464516795"
"random_duration_destroy__regret_repair","2ce383960b99437da26fecc3d98fbc44","best_objective","24","1778753708695","'-11212.91810528477"
"random_duration_destroy__regret_repair","2ce383960b99437da26fecc3d98fbc44","best_objective","25","1778753708789","'-11220.797701383732"
"random_duration_destroy__regret_repair","2ce383960b99437da26fecc3d98fbc44","best_objective","26","1778753708890","'-11224.668347016835"
"random_duration_destroy__regret_repair","2ce383960b99437da26fecc3d98fbc44","best_objective","27","1778753708974","'-11244.121688052863"
"random_duration_destroy__regret_repair","2ce383960b99437da26fecc3d98fbc44","best_objective","46","1778753710559","'-11661.830994029477"
"random_duration_destroy__regret_repair","2ce383960b99437da26fecc3d98fbc44","best_objective","48","1778753710724","'-11710.523278151057"
"lowest_objective_contribution_destroy+short_task_clusters_destroy__regret_repair","18bf90b993e34410a4d26777368f177d","best_objective","1","1778753702954","11945.468466165701"
"lowest_objective_contribution_destroy+short_task_clusters_destroy__regret_repair","18bf90b993e34410a4d26777368f177d","best_objective","2","1778753703037","6251.007129824266"
"lowest_objective_contribution_destroy+short_task_clusters_destroy__regret_repair","18bf90b993e34410a4d26777368f177d","best_objective","3","1778753703117","6151.697155715756"
"lowest_objective_contribution_destroy+short_task_clusters_destroy__regret_repair","18bf90b993e34410a4d26777368f177d","best_objective","4","1778753703231","725.8051800997964"
"lowest_objective_contribution_destroy+short_task_clusters_destroy__regret_repair","18bf90b993e34410a4d26777368f177d","best_objective","5","1778753703328","'-1441.5265235064435"
"lowest_objective_contribution_destroy+short_task_clusters_destroy__regret_repair","18bf90b993e34410a4d26777368f177d","best_objective","6","1778753703407","'-2755.9333697254388"
"lowest_objective_contribution_destroy+short_task_clusters_destroy__regret_repair","18bf90b993e34410a4d26777368f177d","best_objective","26","1778753705337","'-4490.464497389987"
"lowest_objective_contribution_destroy+short_task_clusters_destroy__regret_repair","18bf90b993e34410a4d26777368f177d","best_objective","27","1778753705401","'-5099.9418040146975"
"lowest_objective_contribution_destroy__regret_repair","6ec0cb875d304bf1909f2f57600756a4","best_objective","1","1778753698300","'-2545.961178896443"
